435400,28.540001
2012-09-04,28.879999,29.809999,28.07,28.90,267000,28.90
2012-08-31,28.23,28.889999,27.76,28.74,418300,28.74
2012-08-30,28.290001,28.65,27.370001,27.90,259400,27.90
2012-08-29,29.59,29.82,28.549999,28.57,195900,28.57
2012-08-28,28.24,29.68,28.09,29.629999,500800,29.629999
2012-08-27,27.76,28.450001,27.549999,28.139999,342800,28.139999
2012-08-24,27.540001,27.959999,27.059999,27.610001,213900,27.610001
2012-08-23,28.93,28.940001,27.58,27.73,375900,27.73
2012-08-22,28.959999,29.280001,28.280001,28.940001,205700,28.940001
2012-08-21,29.860001,29.950001,28.860001,29.09,238700,29.09
2012-08-20,28.74,30.049999,28.540001,29.709999,544800,29.709999
2012-08-17,28.83,29.379999,28.60,28.75,354500,28.75
2012-08-16,28.59,29.120001,28.059999,28.870001,405600,28.870001
2012-08-15,28.940001,29.709999,28.190001,28.68,502400,28.68
2012-08-14,28.02,29.040001,27.610001,28.950001,345600,28.950001
2012-08-13,27.940001,27.969999,26.950001,27.68,259600,27.68
2012-08-10,28.290001,28.389999,27.60,28.01,250800,28.01
2012-08-09,27.67,28.690001,27.389999,28.48,236100,28.48
2012-08-08,28.129999,28.73,27.15,27.57,287200,27.57
2012-08-07,28.370001,29.870001,27.99,28.290001,637500,28.290001
2012-08-06,27.209999,28.389999,27.209999,28.129999,408100,28.129999
2012-08-03,24.440001,27.190001,24.08,27.07,1554900,27.07
2012-08-02,26.610001,27.26,26.18,26.780001,464300,26.780001
2012-08-01,26.620001,27.809999,26.57,27.219999,367800,27.219999
2012-07-31,26.92,28.00,26.35,26.40,374500,26.40
2012-07-30,26.67,27.049999,26.00,26.90,191200,26.90
2012-07-27,26.17,27.459999,25.690001,26.700001,384600,26.700001
2012-07-26,26.58,26.65,25.48,26.00,186800,26.00
2012-07-25,26.110001,26.459999,25.17,25.98,325000,25.98
2012-07-24,27.08,27.879999,25.629999,25.92,377500,25.92
2012-07-23,27.26,27.389999,26.57,27.030001,470700,27.030001
2012-07-20,27.879999,28.90,27.50,28.200001,450400,28.200001
2012-07-19,28.48,28.889999,28.10,28.309999,542700,28.309999
2012-07-18,27.82,29.309999,27.809999,28.40,569000,28.40
2012-07-17,27.43,27.77,26.389999,27.57,487600,27.57
2012-07-16,26.25,28.23,26.18,27.34,477500,27.34
2012-07-13,26.16,26.99,25.98,26.389999,327600,26.389999
2012-07-12,26.030001,26.42,24.879999,26.02,394200,26.02
2012-07-11,26.610001,26.969999,25.889999,26.52,373300,26.52
2012-07-10,27.450001,27.83,26.18,26.450001,471400,26.450001
2012-07-09,26.41,27.77,26.32,27.299999,542200,27.299999
2012-07-06,26.870001,27.379999,26.00,26.59,434700,26.59
2012-07-05,28.440001,28.75,27.00,27.32,551800,27.32
2012-07-03,25.93,28.959999,25.93,28.58,565700,28.58
2012-07-02,25.540001,26.040001,24.84,25.790001,522100,25.790001
2012-06-29,25.200001,25.950001,24.66,25.540001,573800,25.540001
2012-06-28,24.129999,24.969999,23.57,24.40,439200,24.40
2012-06-27,23.370001,24.450001,23.35,24.379999,562700,24.379999
2012-06-26,23.00,23.60,22.709999,23.360001,691700,23.360001
2012-06-25,23.66,23.969999,22.629999,22.950001,443500,22.950001
2012-06-22,22.879999,24.23,22.76,24.17,1718600,24.17
2012-06-21,24.620001,24.709999,22.360001,22.58,934000,22.58
2012-06-20,24.969999,25.43,24.309999,24.57,786000,24.57
2012-06-19,24.290001,25.40,24.23,25.02,570400,25.02
2012-06-18,24.33,24.709999,23.879999,24.030001,610200,24.030001
2012-06-15,24.370001,24.780001,24.110001,24.50,648600,24.50
2012-06-14,24.10,25.129999,23.690001,24.41,511000,24.41
2012-06-13,25.860001,26.18,23.90,23.99,565600,23.99
2012-06-12,26.139999,26.450001,24.969999,26.00,463000,26.00
2012-06-11,27.120001,27.629999,25.82,25.889999,481200,25.889999
2012-06-08,27.309999,27.540001,26.110001,26.65,321300,26.65
2012-06-07,28.790001,29.809999,27.34,27.50,420300,27.50
2012-06-06,27.120001,28.65,26.879999,28.219999,687700,28.219999
2012-06-05,25.58,26.93,25.58,26.92,471400,26.92
2012-06-04,25.709999,26.17,24.91,25.809999,588500,25.809999
2012-06-01,27.10,27.83,25.469999,25.66,821200,25.66
2012-05-31,28.360001,28.709999,26.629999,28.030001,491700,28.030001
2012-05-30,29.75,29.75,27.950001,28.18,321600,28.18
2012-05-29,29.049999,30.32,28.950001,30.280001,711100,30.280001
2012-05-25,28.290001,28.719999,27.65,28.34,514600,28.34
2012-05-24,29.49,29.610001,28.02,28.49,457900,28.49
2012-05-23,29.67,29.67,27.73,29.33,700000,29.33
2012-05-22,30.82,31.459999,29.790001,30.209999,312800,30.209999
2012-05-21,29.280001,31.469999,28.860001,30.90,695800,30.90
2012-05-18,29.33,29.620001,28.469999,29.120001,534000,29.120001
2012-05-17,29.690001,30.33,29.049999,29.35,1052900,29.35
2012-05-16,29.48,30.33,29.030001,29.50,492300,29.50
2012-05-15,29.42,30.17,28.93,29.379999,753300,29.379999
2012-05-14,29.209999,30.01,28.67,29.290001,450200,29.290001
2012-05-11,30.059999,31.299999,29.42,29.68,291000,29.68
2012-05-10,30.309999,31.90,30.219999,30.440001,720000,30.440001
2012-05-09,30.190001,30.75,29.42,30.049999,884000,30.049999
2012-05-08,31.700001,31.700001,28.99,30.790001,892200,30.790001
2012-05-07,32.130001,32.900002,31.68,32.200001,560100,32.200001
2012-05-04,31.24,32.529999,29.610001,32.189999,1591200,32.189999
2012-05-03,34.689999,35.029999,32.77,32.900002,929700,32.900002
2012-05-02,35.459999,35.790001,34.639999,34.77,405400,34.77
2012-05-01,35.970001,36.75,35.189999,35.84,249000,35.84
2012-04-30,36.00,36.220001,35.009998,35.880001,411200,35.880001
2012-04-27,37.290001,37.560001,36.09,36.119999,460600,36.119999
2012-04-26,36.290001,38.00,35.970001,37.080002,463400,37.080002
2012-04-25,34.619999,36.549999,34.389999,36.360001,504300,36.360001
2012-04-24,34.689999,34.98,33.799999,34.09,582700,34.09
2012-04-23,34.16,35.139999,33.290001,34.50,930500,34.50
2012-04-20,36.400002,36.549999,34.860001,35.009998,563600,35.009998
2012-04-19,36.23,36.330002,35.009998,35.689999,388100,35.689999
2012-04-18,36.049999,36.560001,35.82,36.200001,278400,36.200001
2012-04-17,35.509998,36.560001,35.16,36.220001,706100,36.220001
2012-04-16,36.52,37.110001,34.889999,35.240002,323000,35.240002
2012-04-13,36.57,37.09,36.290001,36.419998,490200,36.419998
2012-04-12,35.130001,37.299999,35.130001,36.93,424600,36.93
2012-04-11,35.799999,36.00,34.27,35.00,661000,35.00
2012-04-10,36.700001,37.400002,34.970001,35.27,485200,35.27
2012-04-09,36.799999,37.529999,36.169998,36.849998,292700,36.849998
2012-04-05,37.34,39.18,37.34,37.560001,453900,37.560001
2012-04-04,38.360001,38.41,37.099998,37.369999,290100,37.369999
2012-04-03,38.169998,38.630001,37.639999,38.549999,302100,38.549999
2012-04-02,36.849998,38.639999,36.57,38.389999,431700,38.389999
2012-03-30,36.459999,37.560001,36.34,36.950001,584400,36.950001
2012-03-29,36.330002,36.689999,35.330002,36.009998,320900,36.009998
2012-03-28,36.84,36.84,35.43,36.810001,444900,36.810001
2012-03-27,37.700001,37.700001,36.82,36.950001,316900,36.950001
2012-03-26,38.00,38.57,37.259998,37.759998,379700,37.759998
2012-03-23,35.75,37.84,35.380001,37.73,585200,37.73
2012-03-22,36.349998,36.349998,35.25,35.759998,393500,35.759998
2012-03-21,36.57,37.119999,36.240002,36.860001,422100,36.860001
2012-03-20,36.57,36.950001,36.00,36.490002,320000,36.490002
2012-03-19,36.549999,37.040001,35.830002,37.029999,639800,37.029999
2012-03-16,36.119999,36.959999,36.080002,36.799999,393300,36.799999
2012-03-15,35.720001,36.580002,35.619999,36.029999,286100,36.029999
2012-03-14,35.599998,36.41,35.470001,35.82,524300,35.82
2012-03-13,35.82,36.349998,35.110001,35.950001,472000,35.950001
2012-03-12,35.43,35.470001,34.540001,35.32,592200,35.32
2012-03-09,34.880001,35.650002,34.00,35.439999,840500,35.439999
2012-03-08,35.00,36.209999,34.529999,35.080002,481400,35.080002
2012-03-07,33.889999,34.959999,33.619999,34.66,512300,34.66
2012-03-06,32.23,33.880001,31.780001,33.700001,638100,33.700001
2012-03-05,33.84,33.84,32.369999,33.00,728600,33.00
2012-03-02,34.900002,35.529999,34.02,34.07,387500,34.07
2012-03-01,34.849998,35.889999,34.169998,35.060001,536500,35.060001
2012-02-29,36.990002,37.459999,34.50,34.560001,708900,34.560001
2012-02-28,37.290001,38.419998,36.57,36.799999,400900,36.799999
2012-02-27,38.009998,38.080002,37.080002,37.439999,304300,37.439999
2012-02-24,37.869999,38.919998,37.43,38.32,349500,38.32
2012-02-23,36.919998,37.82,36.16,37.77,355000,37.77
2012-02-22,36.950001,37.130001,36.150002,36.900002,526000,36.900002
2012-02-21,36.959999,37.540001,36.369999,36.810001,524500,36.810001
2012-02-17,38.240002,38.68,36.529999,36.66,686700,36.66
2012-02-16,36.470001,37.98,36.18,37.75,638200,37.75
2012-02-15,36.330002,37.189999,35.59,36.32,614100,36.32
2012-02-14,35.720001,36.119999,34.75,36.029999,834600,36.029999
2012-02-13,35.259998,36.490002,34.299999,35.470001,459100,35.470001
2012-02-10,35.169998,35.169998,34.25,34.849998,542900,34.849998
2012-02-09,36.349998,36.75,35.200001,35.740002,321500,35.740002
2012-02-08,36.970001,38.00,35.369999,36.110001,785500,36.110001
2012-02-07,35.91,36.919998,35.279999,36.709999,447700,36.709999
2012-02-06,35.779999,36.310001,34.860001,36.189999,434000,36.189999
2012-02-03,35.349998,36.389999,35.029999,36.23,341900,36.23
2012-02-02,35.150002,35.57,33.900002,34.779999,441600,34.779999
2012-02-01,35.650002,36.169998,34.209999,34.91,595600,34.91
2012-01-31,34.509998,35.669998,33.349998,35.130001,478200,35.130001
2012-01-30,33.490002,34.50,32.900002,33.950001,269900,33.950001
2012-01-27,33.389999,34.16,33.389999,33.98,198000,33.98
2012-01-26,34.68,35.330002,33.389999,33.59,321200,33.59
2012-01-25,34.18,34.82,33.529999,34.419998,374200,34.419998
2012-01-24,33.529999,35.450001,33.139999,34.32,1088300,34.32
2012-01-23,32.279999,34.00,31.77,33.810001,313800,33.810001
2012-01-20,32.50,33.200001,31.950001,32.169998,254400,32.169998
2012-01-19,33.279999,33.720001,32.549999,32.700001,212500,32.700001
2012-01-18,31.809999,33.669998,31.690001,32.93,496700,32.93
2012-01-17,32.130001,32.349998,31.43,31.719999,222900,31.719999
2012-01-13,31.75,31.889999,30.83,31.549999,230400,31.549999
2012-01-12,31.77,32.900002,31.51,32.27,397500,32.27
2012-01-11,31.879999,32.41,31.43,31.559999,263500,31.559999
2012-01-10,33.169998,33.950001,31.60,31.99,486200,31.99
2012-01-09,32.66,33.299999,32.150002,32.389999,493800,32.389999
2012-01-06,31.98,33.380001,31.08,32.639999,554000,32.639999
2012-01-05,30.940001,32.209999,30.450001,31.92,334300,31.92
2012-01-04,31.01,31.35,29.77,31.27,373400,31.27
2012-01-03,30.639999,31.40,29.91,31.23,376400,31.23
2011-12-30,29.780001,30.32,29.379999,29.41,245400,29.41
2011-12-29,29.23,30.280001,28.34,29.889999,233100,29.889999
2011-12-28,30.85,30.85,29.200001,29.50,177100,29.50
2011-12-27,30.60,31.139999,29.700001,30.83,178500,30.83
2011-12-23,30.549999,30.549999,29.51,30.40,186900,30.40
2011-12-22,30.309999,31.10,29.790001,30.42,217300,30.42
2011-12-21,30.00,30.42,28.65,30.200001,346200,30.200001
2011-12-20,29.049999,30.110001,28.60,30.030001,335000,30.030001
2011-12-19,29.52,30.10,28.07,28.32,342300,28.32
2011-12-16,27.809999,29.93,27.74,29.209999,1626500,29.209999
2011-12-15,28.139999,28.49,26.82,27.43,436800,27.43
2011-12-14,29.32,29.35,27.200001,27.620001,619600,27.620001
2011-12-13,30.48,31.75,29.23,29.58,382000,29.58
2011-12-12,30.690001,30.76,29.059999,30.00,441500,30.00
2011-12-09,29.65,31.73,29.549999,31.50,273300,31.50
2011-12-08,30.17,30.620001,29.059999,29.700001,381700,29.700001
2011-12-07,32.619999,32.619999,30.08,30.299999,548300,30.299999
2011-12-06,32.060001,33.48,31.309999,32.880001,393300,32.880001
2011-12-05,31.75,32.07,31.23,31.91,358900,31.91
2011-12-02,31.459999,31.65,30.76,31.290001,372400,31.290001
2011-12-01,31.360001,32.099998,30.67,30.889999,809800,30.889999
2011-11-30,30.450001,31.530001,29.40,31.280001,948800,31.280001
2011-11-29,28.940001,29.290001,28.50,29.02,419100,29.02
2011-11-28,28.02,29.530001,27.459999,29.129999,680100,29.129999
2011-11-25,26.77,27.559999,26.77,26.93,163300,26.93
2011-11-23,28.040001,28.040001,26.68,27.00,466700,27.00
2011-11-22,28.34,29.120001,27.780001,28.84,398000,28.84
2011-11-21,27.549999,28.58,26.92,28.450001,472400,28.450001
2011-11-18,28.09,28.799999,27.780001,28.389999,458700,28.389999
2011-11-17,29.41,29.690001,27.58,27.870001,1182900,27.870001
2011-11-16,28.48,29.700001,28.280001,29.040001,3574600,29.040001
2011-11-15,28.809999,29.299999,28.15,28.99,1237700,28.99
2011-11-14,29.60,29.940001,28.709999,29.629999,308600,29.629999
2011-11-11,29.42,30.09,28.059999,29.98,416300,29.98
2011-11-10,26.83,29.200001,26.83,29.120001,500900,29.120001
2011-11-09,27.709999,28.73,26.219999,26.25,770600,26.25
2011-11-08,28.99,29.07,26.60,28.709999,456900,28.709999
2011-11-07,28.540001,29.629999,27.879999,28.60,187500,28.60
2011-11-04,27.51,29.10,27.51,28.65,476900,28.65
2011-11-03,29.00,29.98,27.190001,27.51,914900,27.51
2011-11-02,25.889999,27.360001,24.51,27.200001,1277500,27.200001
2011-11-01,23.10,24.99,22.50,24.040001,414200,24.040001
2011-10-31,25.540001,26.43,24.379999,24.41,221600,24.41
2011-10-28,26.629999,27.129999,25.74,26.129999,307200,26.129999
2011-10-27,24.73,26.98,24.290001,26.940001,713500,26.940001
2011-10-26,23.77,24.030001,22.35,23.73,338000,23.73
2011-10-25,24.58,25.26,23.190001,23.309999,432200,23.309999
2011-10-24,23.389999,25.790001,22.92,24.719999,320600,24.719999
2011-10-21,23.799999,24.190001,22.549999,23.26,394500,23.26
2011-10-20,21.77,23.43,20.559999,23.25,508400,23.25
2011-10-19,23.51,23.860001,21.42,22.00,363700,22.00
2011-10-18,22.719999,23.790001,21.139999,23.629999,534400,23.629999
2011-10-17,23.639999,24.540001,22.459999,22.620001,290600,22.620001
2011-10-14,22.48,24.139999,21.799999,23.559999,380800,23.559999
2011-10-13,22.33,22.50,20.93,21.98,466500,21.98
2011-10-12,21.360001,23.309999,21.35,22.620001,601800,22.620001
2011-10-11,19.57,21.50,19.040001,21.120001,479300,21.120001
2011-10-10,18.809999,20.690001,17.700001,19.799999,453000,19.799999
2011-10-07,18.370001,18.889999,17.110001,18.35,632500,18.35
2011-10-06,17.52,18.540001,16.90,18.35,346800,18.35
2011-10-05,16.870001,18.209999,15.95,17.549999,646300,17.549999
2011-10-04,14.91,16.889999,14.14,16.74,646000,16.74
2011-10-03,16.700001,17.459999,15.27,15.30,572900,15.30
2011-09-30,17.209999,17.59,16.90,16.99,737200,16.99
2011-09-29,17.209999,17.48,16.83,17.450001,743800,17.450001
2011-09-28,18.67,18.85,16.690001,16.74,497100,16.74
2011-09-27,17.799999,19.790001,17.799999,18.620001,691100,18.620001
2011-09-26,17.42,17.940001,16.030001,17.27,670000,17.27
2011-09-23,18.290001,18.77,16.85,17.290001,481200,17.290001
2011-09-22,19.48,19.99,17.549999,18.41,706600,18.41
2011-09-21,21.299999,22.530001,20.15,20.34,621800,20.34
2011-09-20,21.540001,21.879999,21.00,21.299999,427800,21.299999
2011-09-19,20.57,21.959999,19.959999,21.41,620600,21.41
2011-09-16,21.83,22.530001,20.639999,21.10,1477800,21.10
2011-09-15,20.799999,21.84,20.68,21.58,325500,21.58
2011-09-14,20.35,20.790001,19.299999,20.469999,376200,20.469999
2011-09-13,19.129999,20.610001,19.059999,20.17,758900,20.17
2011-09-12,18.440001,19.15,18.34,18.99,497700,18.99
2011-09-09,19.120001,19.610001,18.540001,18.84,483100,18.84
2011-09-08,19.58,20.790001,19.08,19.459999,857300,19.459999
2011-09-07,18.52,19.99,18.16,19.559999,381800,19.559999
2011-09-06,17.469999,18.209999,17.139999,18.10,651700,18.10
2011-09-02,17.98,18.66,17.620001,18.139999,473200,18.139999
2011-09-01,18.549999,18.84,18.01,18.43,454900,18.43
2011-08-31,18.870001,19.33,17.959999,18.559999,387900,18.559999
2011-08-30,18.01,18.879999,17.709999,18.690001,355400,18.690001
2011-08-29,17.219999,18.15,16.959999,18.110001,324200,18.110001
2011-08-26,16.49,17.35,16.18,16.940001,467600,16.940001
2011-08-25,17.92,18.48,16.50,16.76,478500,16.76
2011-08-24,17.25,17.77,16.950001,17.700001,318900,17.700001
2011-08-23,16.10,17.33,16.00,17.25,512300,17.25
2011-08-22,17.299999,17.540001,15.55,15.95,1150700,15.95
2011-08-19,17.26,17.84,16.59,16.73,616700,16.73
2011-08-18,19.16,19.280001,16.969999,17.57,1446600,17.57
2011-08-17,20.65,20.98,19.85,19.99,533800,19.99
2011-08-16,21.16,21.27,20.00,20.370001,932600,20.370001
2011-08-15,20.73,21.83,20.559999,21.540001,448500,21.540001
2011-08-12,21.030001,21.76,19.030001,20.549999,377700,20.549999
2011-08-11,18.030001,21.49,17.889999,20.690001,981700,20.690001
2011-08-10,17.98,18.639999,17.32,17.879999,1382600,17.879999
2011-08-09,18.83,19.50,16.809999,18.440001,1044500,18.440001
2011-08-08,19.17,19.27,17.459999,18.299999,1294400,18.299999
2011-08-05,21.10,22.02,19.860001,20.059999,1221000,20.059999
2011-08-04,22.65,23.030001,20.639999,20.719999,740100,20.719999
2011-08-03,26.110001,27.059999,22.309999,23.040001,1058600,23.040001
2011-08-02,26.370001,27.17,26.110001,26.27,456200,26.27
2011-08-01,26.50,26.82,25.90,26.40,296400,26.40
2011-07-29,25.67,26.389999,25.24,25.959999,331800,25.959999
2011-07-28,26.17,26.58,25.75,26.110001,363400,26.110001
2011-07-27,26.43,26.51,25.379999,26.07,464100,26.07
2011-07-26,27.030001,27.030001,26.469999,26.57,288500,26.57
2011-07-25,27.790001,27.790001,26.74,26.959999,452900,26.959999
2011-07-22,27.15,28.370001,26.91,28.27,380300,28.27
2011-07-21,27.129999,27.889999,26.67,26.969999,347900,26.969999
2011-07-20,27.16,27.18,26.049999,27.09,409700,27.09
2011-07-19,25.50,27.360001,25.49,27.120001,638000,27.120001
2011-07-18,25.75,25.90,24.610001,25.110001,625500,25.110001
2011-07-15,23.42,25.75,23.42,25.67,602200,25.67
2011-07-14,23.73,23.940001,23.120001,23.16,835700,23.16
2011-07-13,23.51,24.280001,22.799999,23.719999,920000,23.719999
2011-07-12,23.16,23.860001,22.700001,23.459999,417000,23.459999
2011-07-11,23.700001,24.16,22.92,23.27,555800,23.27
2011-07-08,23.879999,24.35,23.65,24.129999,320700,24.129999
2011-07-07,24.25,24.950001,24.049999,24.280001,882100,24.280001
2011-07-06,24.209999,24.41,23.879999,24.16,3725200,24.16
2011-07-05,22.950001,24.190001,22.950001,24.17,831100,24.17
2011-07-01,23.879999,23.93,22.27,22.85,1404900,22.85
2011-06-30,23.629999,23.83,22.459999,22.67,423300,22.67
2011-06-29,23.549999,24.370001,23.209999,23.440001,589700,23.440001
2011-06-28,21.950001,23.42,21.91,23.40,285100,23.40
2011-06-27,21.700001,22.040001,21.049999,21.799999,298600,21.799999
2011-06-24,22.27,22.65,21.299999,21.77,1343000,21.77
2011-06-23,21.629999,22.309999,21.15,22.190001,559600,22.190001
2011-06-22,21.219999,22.26,21.200001,22.16,544400,22.16
2011-06-21,20.360001,21.58,20.219999,21.290001,470800,21.290001
2011-06-20,19.559999,20.59,19.129999,20.299999,676700,20.299999
2011-06-17,21.49,22.18,19.50,19.620001,3684500,19.620001
2011-06-16,20.459999,21.469999,20.389999,21.389999,899500,21.389999
2011-06-15,19.99,20.73,19.719999,20.540001,556400,20.540001
2011-06-14,19.969999,20.440001,19.629999,20.379999,600900,20.379999
2011-06-13,21.219999,21.34,19.280001,19.83,968000,19.83
2011-06-10,22.48,22.629999,21.02,21.18,654500,21.18
2011-06-09,23.33,23.799999,22.52,22.60,322400,22.60
2011-06-08,24.049999,24.66,23.16,23.299999,288800,23.299999
2011-06-07,25.59,25.92,23.889999,24.08,326000,24.08
2011-06-06,25.90,25.959999,25.049999,25.48,527900,25.48
2011-06-03,26.00,26.16,25.00,26.030001,476700,26.030001
2011-06-02,25.950001,26.209999,25.790001,26.15,508600,26.15
2011-06-01,25.959999,26.41,25.77,25.940001,364400,25.940001
2011-05-31,26.24,26.459999,25.92,26.040001,491000,26.040001
2011-05-27,26.18,26.700001,25.93,26.120001,193800,26.120001
2011-05-26,25.639999,26.09,25.440001,26.059999,203000,26.059999
2011-05-25,24.90,25.879999,24.629999,25.629999,296400,25.629999
2011-05-24,24.540001,25.379999,24.34,25.059999,336400,25.059999
2011-05-23,24.379999,24.84,23.85,24.34,258600,24.34
2011-05-20,23.950001,25.110001,23.48,24.950001,275100,24.950001
2011-05-19,24.469999,25.16,23.860001,24.08,560100,24.08
2011-05-18,22.799999,24.34,22.51,24.10,291900,24.10
2011-05-17,22.219999,22.82,21.93,22.790001,259800,22.790001
2011-05-16,23.110001,23.780001,22.27,22.459999,169000,22.459999
2011-05-13,23.790001,23.92,23.059999,23.33,202900,23.33
2011-05-12,23.74,24.35,23.15,23.790001,215500,23.790001
2011-05-11,25.10,25.219999,23.50,24.00,532000,24.00
2011-05-10,25.389999,25.49,24.559999,25.17,271400,25.17
2011-05-09,25.08,26.27,24.860001,25.549999,432600,25.549999
2011-05-06,23.799999,25.17,23.440001,24.709999,720200,24.709999
2011-05-05,22.790001,24.10,21.32,23.00,1708300,23.00
2011-05-04,25.98,26.110001,23.209999,23.440001,768600,23.440001
2011-05-03,26.620001,27.110001,25.790001,26.030001,394600,26.030001
2011-05-02,29.43,29.84,26.51,26.82,609800,26.82
2011-04-29,29.32,29.90,28.889999,29.440001,315000,29.440001
2011-04-28,29.559999,30.610001,29.10,29.23,249700,29.23
2011-04-27,29.93,30.25,28.790001,29.66,159400,29.66
2011-04-26,29.57,30.290001,29.459999,29.93,160900,29.93
2011-04-25,30.25,30.59,29.10,29.51,320500,29.51
2011-04-21,29.07,31.08,28.629999,30.32,351600,30.32
2011-04-20,28.24,29.610001,28.209999,28.940001,240500,28.940001
2011-04-19,27.540001,27.98,27.059999,27.84,303300,27.84
2011-04-18,27.309999,27.83,26.57,27.51,217400,27.51
2011-04-15,27.889999,27.889999,27.35,27.73,128400,27.73
2011-04-14,27.389999,28.34,27.059999,27.889999,191200,27.889999
2011-04-13,27.66,28.129999,27.129999,27.73,225500,27.73
2011-04-12,28.459999,28.469999,27.00,27.52,574300,27.52
2011-04-11,30.799999,31.24,28.77,28.90,545300,28.90
2011-04-08,31.66,32.23,31.09,31.09,113300,31.09
2011-04-07,31.629999,31.90,30.860001,31.42,199000,31.42
2011-04-06,32.52,32.98,30.66,31.66,280200,31.66
2011-04-05,32.00,33.099998,32.00,32.200001,162800,32.200001
2011-04-04,32.09,33.580002,31.90,32.02,531100,32.02
2011-04-01,34.040001,34.93,30.16,31.879999,790600,31.879999
2011-03-31,32.389999,33.84,32.389999,33.57,214200,33.57
2011-03-30,31.32,32.689999,31.02,32.25,422800,32.25
2011-03-29,29.99,31.709999,29.33,31.09,136700,31.09
2011-03-28,32.00,32.549999,30.15,30.16,140200,30.16
2011-03-25,31.209999,32.09,30.879999,31.73,246800,31.73
2011-03-24,30.370001,31.15,29.93,31.00,212300,31.00
2011-03-23,30.66,30.889999,29.32,30.309999,152000,30.309999
2011-03-22,30.879999,31.23,30.16,30.74,141600,30.74
2011-03-21,28.93,30.780001,28.93,30.74,198200,30.74
2011-03-18,29.719999,29.74,28.42,28.50,205400,28.50
2011-03-17,29.389999,29.959999,29.040001,29.309999,171100,29.309999
2011-03-16,28.690001,29.700001,28.469999,28.98,352500,28.98
2011-03-15,27.50,29.16,26.139999,28.52,641400,28.52
2011-03-14,28.530001,29.35,27.91,29.049999,317800,29.049999
2011-03-11,28.290001,30.23,27.780001,28.950001,514500,28.950001
2011-03-10,28.32,30.50,25.57,28.75,1374600,28.75
2011-03-09,29.639999,29.799999,28.50,28.719999,418500,28.719999
2011-03-08,31.91,31.950001,29.01,29.91,470600,29.91
2011-03-07,34.459999,34.720001,31.540001,31.83,565300,31.83
2011-03-04,32.07,32.200001,31.57,31.950001,169300,31.950001
2011-03-03,32.330002,32.330002,31.09,31.959999,189500,31.959999
2011-03-02,30.719999,32.900002,30.299999,32.049999,511600,32.049999
2011-03-01,32.860001,33.040001,30.90,31.120001,258900,31.120001
2011-02-28,32.52,33.130001,32.220001,32.549999,270400,32.549999
2011-02-25,32.040001,32.200001,31.73,32.189999,338700,32.189999
2011-02-24,32.200001,32.439999,31.620001,31.950001,178600,31.950001
2011-02-23,31.65,32.639999,31.60,32.009998,176000,32.009998
2011-02-22,32.439999,33.91,31.32,31.52,223900,31.52
2011-02-18,31.17,33.889999,31.17,32.48,730100,32.48
2011-02-17,29.620001,31.10,29.620001,30.879999,204400,30.879999
2011-02-16,28.90,29.620001,28.700001,29.620001,297700,29.620001
2011-02-15,28.860001,29.200001,28.200001,28.790001,125500,28.790001
2011-02-14,28.219999,29.01,28.209999,28.92,84600,28.92
2011-02-11,27.57,28.290001,27.360001,28.16,133100,28.16
2011-02-10,27.059999,27.90,26.74,27.67,258700,27.67
2011-02-09,27.83,28.09,27.129999,27.190001,115600,27.190001
2011-02-08,28.09,28.09,27.129999,28.02,123300,28.02
2011-02-07,27.639999,28.15,27.549999,28.059999,142800,28.059999
2011-02-04,29.120001,29.190001,27.32,27.540001,292400,27.540001
2011-02-03,28.360001,28.73,27.76,28.49,207700,28.49
2011-02-02,27.459999,28.549999,27.459999,28.299999,164800,28.299999
2011-02-01,26.76,27.450001,26.540001,27.389999,226000,27.389999
2011-01-31,26.59,27.209999,26.24,26.67,417300,26.67
2011-01-28,26.16,26.65,25.879999,26.26,176300,26.26
2011-01-27,25.059999,26.959999,25.059999,26.26,251400,26.26
2011-01-26,24.139999,25.23,24.040001,24.98,146000,24.98
2011-01-25,24.15,24.57,23.370001,24.00,215800,24.00
2011-01-24,24.74,25.120001,24.23,24.370001,134800,24.370001
2011-01-21,24.49,25.68,24.059999,24.66,528600,24.66
2011-01-20,22.99,24.51,22.68,24.33,398400,24.33
2011-01-19,24.799999,25.030001,22.58,23.290001,455300,23.290001
2011-01-18,24.84,25.200001,24.440001,24.860001,155500,24.860001
2011-01-14,25.51,25.65,25.18,25.290001,132300,25.290001
2011-01-13,25.190001,25.700001,24.99,25.379999,142700,25.379999
2011-01-12,25.219999,25.280001,24.91,25.02,91700,25.02
2011-01-11,24.610001,24.950001,24.530001,24.870001,406700,24.870001
2011-01-10,23.559999,24.52,23.469999,24.43,131000,24.43
2011-01-07,24.00,24.00,23.379999,23.68,172300,23.68
2011-01-06,23.879999,23.92,23.35,23.91,129300,23.91
2011-01-05,22.940001,23.879999,22.799999,23.84,211500,23.84
2011-01-04,24.030001,24.10,23.10,23.34,198100,23.34
2011-01-03,23.18,24.25,23.07,23.780001,122600,23.780001
2010-12-31,23.02,23.57,22.59,23.10,127900,23.10
2010-12-30,22.940001,23.34,22.940001,23.10,95500,23.10
2010-12-29,23.030001,23.139999,22.50,22.92,92200,22.92
2010-12-28,22.860001,23.030001,22.76,22.91,63400,22.91
2010-12-27,22.719999,23.02,22.559999,22.780001,93400,22.780001
2010-12-23,23.41,23.41,22.639999,22.860001,107000,22.860001
2010-12-22,23.629999,23.67,22.50,23.459999,315200,23.459999
2010-12-21,22.190001,23.889999,21.790001,23.620001,412800,23.620001
2010-12-20,21.129999,22.01,21.129999,21.959999,270600,21.959999
2010-12-17,20.139999,21.02,20.139999,20.91,719300,20.91
2010-12-16,20.040001,20.219999,19.76,20.049999,225300,20.049999
2010-12-15,20.389999,20.68,19.92,19.950001,187500,19.950001
2010-12-14,20.870001,21.08,20.370001,20.50,213600,20.50
2010-12-13,21.00,21.35,20.719999,20.98,486200,20.98
2010-12-10,20.889999,21.049999,20.74,20.799999,260900,20.799999
2010-12-09,21.68,21.940001,20.719999,20.790001,219400,20.790001
2010-12-08,21.77,22.16,21.200001,21.42,186900,21.42
2010-12-07,22.01,22.74,21.459999,21.629999,405700,21.629999
2010-12-06,20.309999,21.99,20.040001,21.75,256400,21.75
2010-12-03,20.799999,20.85,19.91,20.280001,367200,20.280001
2010-12-02,19.030001,21.219999,19.030001,21.00,369800,21.00
2010-12-01,18.73,19.09,18.57,18.950001,254000,18.950001
2010-11-30,18.799999,19.10,18.27,18.27,270100,18.27
2010-11-29,18.74,18.99,18.040001,18.889999,239600,18.889999
2010-11-26,18.530001,18.90,18.440001,18.790001,37700,18.790001
2010-11-24,18.559999,19.00,18.459999,18.639999,135500,18.639999
2010-11-23,18.540001,18.76,18.00,18.370001,133700,18.370001
2010-11-22,19.00,19.01,18.17,18.82,142100,18.82
2010-11-19,18.58,19.18,18.17,19.030001,123500,19.030001
2010-11-18,18.200001,19.059999,18.200001,18.66,189100,18.66
2010-11-17,18.450001,18.450001,17.75,18.01,293000,18.01
2010-11-16,19.809999,19.889999,18.01,18.389999,635600,18.389999
2010-11-15,18.620001,20.379999,18.59,20.01,971100,20.01
2010-11-12,18.469999,18.66,17.35,18.549999,1036100,18.549999
2010-11-11,16.90,19.00,16.799999,18.719999,2622100,18.719999
2010-11-10,16.16,16.98,15.79,16.59,337900,16.59
2010-11-09,15.00,16.549999,14.68,16.280001,393200,16.280001
2010-11-08,15.64,15.93,15.53,15.78,177000,15.78
2010-11-05,15.56,15.76,15.41,15.69,193600,15.69
2010-11-04,15.84,16.16,15.46,15.53,284900,15.53
2010-11-03,15.53,15.74,15.45,15.65,268400,15.65
2010-11-02,15.53,15.57,15.19,15.56,430500,15.56
2010-11-01,15.51,15.51,15.20,15.31,194100,15.31
2010-10-29,15.43,15.54,15.26,15.45,93900,15.45
2010-10-28,15.49,15.77,15.24,15.46,134400,15.46
2010-10-27,15.40,15.53,15.16,15.32,130600,15.32
2010-10-26,15.50,16.00,15.44,15.50,135200,15.50
2010-10-25,15.54,15.87,15.39,15.62,189100,15.62
2010-10-22,15.09,15.55,15.09,15.47,84300,15.47
2010-10-21,15.38,15.81,14.83,15.09,430900,15.09
2010-10-20,14.22,15.50,14.12,15.20,439500,15.20
2010-10-19,13.44,14.46,13.09,14.08,217200,14.08
2010-10-18,13.58,13.74,13.39,13.59,241600,13.59
2010-10-15,13.72,13.99,13.43,13.59,106200,13.59
2010-10-14,13.03,13.68,12.85,13.56,216900,13.56
2010-10-13,12.95,13.19,12.90,12.99,141800,12.99
2010-10-12,13.10,13.13,12.88,12.89,161000,12.89
2010-10-11,13.45,13.53,13.03,13.11,125900,13.11
2010-10-08,12.53,13.54,12.18,13.40,188700,13.40
2010-10-07,12.83,12.83,12.39,12.55,127400,12.55
2010-10-06,12.10,12.86,11.98,12.70,369800,12.70
2010-10-05,11.67,12.60,11.63,12.12,301500,12.12
2010-10-04,11.07,11.71,11.06,11.55,200500,11.55
2010-10-01,11.25,11.27,11.00,11.05,174700,11.05
2010-09-30,11.30,11.31,11.00,11.18,66200,11.18
2010-09-29,11.23,11.36,11.16,11.31,90800,11.31
2010-09-28,11.33,11.40,11.00,11.30,47200,11.30
2010-09-27,11.41,11.50,11.24,11.27,109400,11.27
2010-09-24,11.05,11.42,10.94,11.38,81200,11.38
2010-09-23,11.01,11.30,10.74,10.98,139800,10.98
2010-09-22,10.68,11.81,10.44,11.12,228100,11.12
2010-09-21,10.53,10.81,10.20,10.75,137000,10.75
2010-09-20,10.25,10.58,10.25,10.51,166500,10.51
2010-09-17,10.35,10.35,10.09,10.26,68100,10.26
2010-09-16,10.09,10.36,9.83,10.22,91700,10.22
2010-09-15,10.23,10.28,10.02,10.14,18000,10.14
2010-09-14,10.37,10.46,9.99,10.26,92300,10.26
2010-09-13,10.07,10.49,9.75,10.38,70500,10.38
2010-09-10,9.01,10.10,9.01,10.05,63000,10.05
2010-09-09,8.97,9.14,8.90,9.02,90200,9.02
2010-09-08,8.86,8.97,8.70,8.85,91900,8.85
2010-09-07,9.04,9.04,8.70,8.81,196200,8.81
2010-09-03,9.09,9.10,8.97,9.05,32400,9.05
2010-09-02,8.95,9.19,8.80,9.03,65100,9.03
2010-09-01,8.84,9.00,8.75,9.00,65600,9.00
2010-08-31,8.44,8.77,8.32,8.70,49500,8.70
2010-08-30,8.70,8.70,8.45,8.45,25400,8.45
2010-08-27,8.32,8.75,8.10,8.73,104600,8.73
2010-08-26,7.92,8.32,7.84,8.27,213400,8.27
2010-08-25,7.50,7.93,7.43,7.92,69100,7.92
2010-08-24,7.29,7.79,7.29,7.53,56800,7.53
2010-08-23,7.68,7.85,7.21,7.42,45000,7.42
2010-08-20,7.89,7.94,7.56,7.60,46800,7.60
2010-08-19,8.31,8.31,7.83,7.95,53000,7.95
2010-08-18,8.38,8.40,8.04,8.31,38300,8.31
2010-08-17,8.12,8.41,7.96,8.41,35400,8.41
2010-08-16,8.21,8.22,7.97,8.02,57000,8.02
2010-08-13,8.28,8.30,8.03,8.22,44100,8.22
2010-08-12,8.14,8.39,8.07,8.28,111100,8.28
2010-08-11,8.45,8.55,8.05,8.20,77100,8.20
2010-08-10,8.63,8.88,8.52,8.58,39800,8.58
2010-08-09,8.75,8.75,8.63,8.75,29100,8.75
2010-08-06,8.43,8.90,8.43,8.69,43700,8.69
2010-08-05,8.84,8.90,8.43,8.50,72900,8.50
2010-08-04,7.10,9.09,7.10,8.95,422200,8.95
2010-08-03,6.77,7.07,6.72,6.98,32300,6.98
2010-08-02,6.87,7.07,6.71,6.75,87000,6.75
2010-07-30,6.77,6.90,6.67,6.74,70900,6.74
2010-07-29,7.04,7.07,6.88,6.88,21400,6.88
2010-07-28,6.97,7.11,6.93,7.01,29700,7.01
2010-07-27,6.99,7.08,6.67,7.01,36100,7.01
2010-07-26,7.18,7.26,6.86,6.92,45900,6.92
2010-07-23,6.92,7.23,6.86,7.21,68600,7.21
2010-07-22,6.82,7.10,6.82,6.97,52200,6.97
2010-07-21,6.69,6.92,6.69,6.71,93500,6.71
2010-07-20,6.18,6.67,6.18,6.67,73500,6.67
2010-07-19,6.39,6.48,6.12,6.24,156800,6.24
2010-07-16,6.68,6.70,6.31,6.40,108500,6.40
2010-07-15,7.28,7.28,6.67,6.76,160300,6.76
2010-07-14,6.75,7.39,6.67,7.24,117200,7.24
2010-07-13,6.60,6.83,6.42,6.80,185900,6.80
2010-07-12,6.65,6.65,6.51,6.56,103100,6.56
2010-07-09,6.56,6.77,6.48,6.65,116900,6.65
2010-07-08,6.58,6.65,6.40,6.55,56400,6.55
2010-07-07,6.42,6.62,6.35,6.50,156600,6.50
2010-07-06,6.68,6.68,6.35,6.38,85800,6.38
2010-07-02,6.80,6.93,6.40,6.54,34500,6.54
2010-07-01,6.92,6.94,6.45,6.74,86800,6.74
2010-06-30,7.16,7.38,6.83,6.88,99300,6.88
2010-06-29,7.34,7.45,7.02,7.14,67200,7.14
2010-06-28,8.22,8.36,7.41,7.42,135400,7.42
2010-06-25,8.07,8.30,7.88,8.29,336800,8.29
2010-06-24,7.86,8.13,7.82,8.01,58300,8.01
2010-06-23,7.68,8.08,7.41,7.91,78000,7.91
2010-06-22,7.94,8.04,7.68,7.68,40900,7.68
2010-06-21,8.22,8.22,7.85,7.89,74000,7.89
2010-06-18,8.23,8.23,8.11,8.14,64700,8.14
2010-06-17,8.13,8.23,8.01,8.20,66500,8.20
2010-06-16,7.96,8.14,7.92,8.05,66200,8.05
2010-06-15,8.14,8.24,7.90,8.00,144600,8.00
2010-06-14,8.42,8.53,8.05,8.11,46600,8.11
2010-06-11,8.10,8.32,8.10,8.32,44200,8.32
2010-06-10,8.11,8.40,8.11,8.19,136700,8.19
2010-06-09,7.66,8.15,7.63,8.00,75300,8.00
2010-06-08,7.50,7.67,7.50,7.60,115000,7.60
2010-06-07,7.42,7.66,7.42,7.58,155500,7.58
2010-06-04,7.29,7.57,7.29,7.44,152800,7.44
2010-06-03,7.22,7.72,7.19,7.48,235100,7.48
2010-06-02,7.08,7.25,7.02,7.15,131100,7.15
2010-06-01,7.08,7.08,6.95,6.98,80500,6.98
2010-05-28,7.18,7.31,7.16,7.17,79100,7.17
2010-05-27,7.06,7.27,6.92,7.26,83300,7.26
2010-05-26,6.82,6.95,6.62,6.91,98400,6.91
2010-05-25,6.52,6.82,6.32,6.80,43600,6.80
2010-05-24,7.22,7.22,6.64,6.68,44400,6.68
2010-05-21,7.16,7.32,7.00,7.23,177500,7.23
2010-05-20,7.35,7.52,7.22,7.28,414000,7.28
2010-05-19,7.58,7.58,7.25,7.54,59800,7.54
2010-05-18,7.76,7.80,7.52,7.59,117100,7.59
2010-05-17,7.94,7.97,7.63,7.73,61600,7.73
2010-05-14,7.92,7.92,7.57,7.85,61200,7.85
2010-05-13,7.87,8.11,7.81,7.95,43600,7.95
2010-05-12,7.58,8.01,7.55,7.91,112100,7.91
2010-05-11,7.46,7.72,7.36,7.59,188100,7.59
2010-05-10,7.81,7.83,7.37,7.65,67900,7.65
2010-05-07,7.92,7.92,7.14,7.43,193800,7.43
2010-05-06,8.65,8.72,7.16,7.97,154600,7.97
2010-05-05,8.70,8.82,8.48,8.72,83800,8.72
2010-05-04,8.94,8.94,8.62,8.79,63600,8.79
2010-05-03,8.96,9.11,8.75,8.98,78600,8.98
2010-04-30,9.22,9.29,8.92,8.95,65200,8.95
2010-04-29,9.24,9.41,9.10,9.25,134400,9.25
2010-04-28,9.00,9.30,8.98,9.20,234600,9.20
2010-04-27,9.16,9.16,8.93,8.98,87200,8.98
2010-04-26,9.41,9.50,9.14,9.19,97900,9.19
2010-04-23,8.98,9.50,8.95,9.45,126400,9.45
2010-04-22,8.83,9.02,8.83,8.95,57100,8.95
2010-04-21,8.99,8.99,8.82,8.83,50600,8.83
2010-04-20,9.00,9.03,8.93,8.96,59100,8.96
2010-04-19,8.97,9.00,8.88,8.88,73200,8.88
2010-04-16,8.97,9.00,8.95,8.99,70600,8.99
2010-04-15,9.00,9.02,8.86,8.98,110000,8.98
2010-04-14,9.07,9.13,8.98,9.00,102200,9.00
2010-04-13,9.30,9.34,8.98,9.05,142300,9.05
2010-04-12,9.35,9.41,9.31,9.31,95100,9.31
2010-04-09,9.41,9.52,9.23,9.39,71700,9.39
2010-04-08,9.33,9.50,9.30,9.43,42000,9.43
2010-04-07,9.32,9.51,9.31,9.33,96000,9.33
2010-04-06,9.27,9.49,9.20,9.39,96800,9.39
2010-04-05,9.50,9.50,9.05,9.29,141200,9.29
2010-04-01,9.11,9.42,9.08,9.42,73700,9.42
2010-03-31,9.00,9.17,8.98,9.08,363500,9.08
2010-03-30,9.18,9.21,8.98,9.00,43700,9.00
2010-03-29,9.00,9.11,8.97,9.01,38000,9.01
2010-03-26,9.14,9.14,8.79,9.01,108100,9.01
2010-03-25,9.40,9.40,9.07,9.11,62500,9.11
2010-03-24,9.23,9.48,9.23,9.33,86600,9.33
2010-03-23,9.15,9.35,9.15,9.29,60900,9.29
2010-03-22,9.10,9.23,9.00,9.16,53400,9.16
2010-03-19,9.14,9.25,9.00,9.14,105200,9.14
2010-03-18,9.46,9.46,9.14,9.17,73100,9.17
2010-03-17,9.33,9.61,9.33,9.46,85900,9.46
2010-03-16,9.24,9.50,9.19,9.33,91200,9.33
2010-03-15,9.10,9.40,9.05,9.24,104600,9.24
2010-03-12,9.35,9.45,8.98,9.13,91600,9.13
2010-03-11,9.42,9.58,9.31,9.46,57100,9.46
2010-03-10,8.51,9.65,8.00,9.50,263800,9.50
2010-03-09,8.95,9.63,8.92,9.62,151500,9.62
2010-03-08,8.89,8.99,8.65,8.95,88300,8.95
2010-03-05,8.59,8.94,8.58,8.93,140900,8.93
2010-03-04,8.50,8.62,8.47,8.53,21500,8.53
2010-03-03,8.50,8.56,8.37,8.47,123100,8.47
2010-03-02,8.51,8.53,8.31,8.50,71400,8.50
2010-03-01,8.38,8.66,8.07,8.51,248400,8.51
2010-02-26,8.44,8.44,8.11,8.31,52000,8.31
2010-02-25,8.27,8.34,8.21,8.27,10100,8.27
2010-02-24,8.49,8.50,8.31,8.40,36700,8.40
2010-02-23,8.33,8.50,8.33,8.45,47500,8.45
2010-02-22,8.41,8.45,8.26,8.33,360700,8.33
2010-02-19,8.50,8.53,8.35,8.37,34400,8.37
2010-02-18,8.19,8.68,8.19,8.50,292700,8.50
2010-02-17,8.63,8.84,8.49,8.51,57000,8.51
2010-02-16,8.66,8.66,8.49,8.62,42100,8.62
2010-02-12,8.31,8.65,8.31,8.54,143200,8.54
2010-02-11,8.07,8.37,8.01,8.37,21000,8.37
2010-02-10,8.11,8.11,8.02,8.09,15100,8.09
2010-02-09,8.11,8.27,8.05,8.12,19100,8.12
2010-02-08,8.02,8.22,8.00,8.00,19900,8.00
2010-02-05,8.01,8.19,7.75,8.05,18800,8.05
2010-02-04,8.12,8.23,8.00,8.00,44800,8.00
2010-02-03,8.39,8.42,8.10,8.15,19500,8.15
2010-02-02,8.44,8.49,8.28,8.45,37900,8.45
2010-02-01,8.01,8.43,8.00,8.41,29200,8.41
2010-01-29,8.10,8.19,7.95,8.01,80600,8.01
2010-01-28,8.18,8.19,7.98,8.03,42700,8.03
2010-01-27,7.96,8.26,7.86,8.13,183900,8.13
2010-01-26,7.96,8.19,7.85,8.01,69600,8.01
2010-01-25,8.12,8.23,8.00,8.01,26800,8.01
2010-01-22,8.31,8.34,8.05,8.08,32800,8.08
2010-01-21,8.44,8.57,8.23,8.30,39800,8.30
2010-01-20,8.44,8.63,8.23,8.31,28000,8.31
2010-01-19,8.26,8.62,7.64,8.55,78500,8.55
2010-01-15,8.61,8.72,8.02,8.27,43900,8.27
2010-01-14,8.47,8.94,8.42,8.58,63200,8.58
2010-01-13,7.86,8.58,7.86,8.52,129400,8.52
2010-01-12,7.97,8.01,7.78,7.87,65700,7.87
2010-01-11,8.00,8.09,7.90,8.05,100600,8.05
2010-01-08,7.74,7.94,7.74,7.94,60600,7.94
2010-01-07,7.74,7.85,7.63,7.74,114400,7.74
2010-01-06,7.69,7.81,7.57,7.73,37100,7.73
2010-01-05,7.91,7.97,7.61,7.68,117300,7.68
2010-01-04,7.83,8.06,7.61,7.90,53300,7.90
2009-12-31,7.84,7.84,7.68,7.72,33200,7.72
2009-12-30,7.79,7.84,7.68,7.82,68100,7.82
2009-12-29,7.94,7.94,7.62,7.80,31400,7.80
2009-12-28,8.04,8.04,7.82,7.90,39400,7.90
2009-12-24,8.10,8.33,7.90,7.97,39600,7.97
2009-12-23,7.64,8.18,7.31,8.05,44200,8.05
2009-12-22,7.44,7.72,7.25,7.58,37200,7.58
2009-12-21,7.47,7.59,7.36,7.45,44400,7.45
2009-12-18,7.24,7.50,7.02,7.44,139200,7.44
2009-12-17,6.83,7.43,6.83,7.16,124600,7.16
2009-12-16,6.36,6.87,6.30,6.86,163200,6.86
2009-12-15,6.41,6.49,6.29,6.29,155800,6.29
2009-12-14,6.35,6.61,6.35,6.45,52800,6.45
2009-12-11,6.40,6.49,6.24,6.32,38400,6.32
2009-12-10,6.44,6.51,6.26,6.35,23100,6.35
2009-12-09,6.46,6.50,6.32,6.39,23600,6.39
2009-12-08,6.48,6.55,6.30,6.42,106700,6.42
2009-12-07,6.49,6.75,6.49,6.51,103500,6.51
2009-12-04,6.80,6.80,6.41,6.52,111400,6.52
2009-12-03,6.85,6.85,6.57,6.69,148100,6.69
2009-12-02,6.86,6.98,6.78,6.80,47000,6.80
2009-12-01,7.08,7.18,6.92,6.96,34300,6.96
2009-11-30,7.13,7.20,6.91,7.00,67500,7.00
2009-11-27,6.99,7.26,6.95,7.14,26200,7.14
2009-11-25,7.20,7.36,7.18,7.23,19300,7.23
2009-11-24,7.50,7.50,6.90,6.99,44800,6.99
2009-11-23,7.56,7.80,7.28,7.38,38200,7.38
2009-11-20,7.55,7.72,7.16,7.44,24700,7.44
2009-11-19,7.73,7.75,7.38,7.57,26900,7.57
2009-11-18,7.56,8.02,7.50,7.79,49800,7.79
2009-11-17,7.58,7.58,7.34,7.55,22000,7.55
2009-11-16,7.19,8.03,7.19,7.54,50900,7.54
2009-11-13,6.86,7.13,6.80,7.13,44400,7.13
2009-11-12,7.17,7.17,6.65,6.86,63900,6.86
2009-11-11,7.34,7.36,6.92,7.21,89300,7.21
2009-11-10,7.35,7.36,7.14,7.25,47000,7.25
2009-11-09,7.19,7.47,6.91,7.37,114500,7.37
2009-11-06,7.22,7.36,7.00,7.06,80100,7.06
2009-11-05,7.19,7.54,7.18,7.28,88500,7.28
2009-11-04,7.71,8.37,7.41,7.50,66700,7.50
2009-11-03,7.46,8.09,7.46,8.08,36600,8.08
2009-11-02,7.84,7.85,7.27,7.53,41500,7.53
2009-10-30,8.09,8.17,7.74,7.76,105900,7.76
2009-10-29,8.06,8.24,8.04,8.13,33600,8.13
2009-10-28,8.10,8.10,8.04,8.04,59400,8.04
2009-10-27,8.56,8.56,8.00,8.07,34500,8.07
2009-10-26,9.01,9.23,8.40,8.50,40500,8.50
2009-10-23,9.41,9.44,8.94,9.01,35000,9.01
2009-10-22,9.44,9.55,9.15,9.41,41000,9.41
2009-10-21,9.47,9.82,9.41,9.42,79300,9.42
2009-10-20,9.49,9.59,9.40,9.52,48000,9.52
2009-10-19,9.45,9.60,9.12,9.47,39800,9.47
2009-10-16,9.15,9.46,8.93,9.39,43300,9.39
2009-10-15,9.56,9.70,9.08,9.20,57200,9.20
2009-10-14,10.02,10.02,9.46,9.60,86900,9.60
2009-10-13,9.93,10.19,9.78,9.90,37900,9.90
2009-10-12,9.51,9.93,9.29,9.89,31100,9.89
2009-10-09,9.38,9.49,9.25,9.46,38800,9.46
2009-10-08,9.10,9.54,9.07,9.34,62400,9.34
2009-10-07,9.26,9.39,8.95,9.06,22000,9.06
2009-10-06,8.77,9.35,8.77,9.34,29400,9.34
2009-10-05,8.69,9.20,8.55,8.74,53700,8.74
2009-10-02,8.35,8.71,8.20,8.53,52900,8.53
2009-10-01,9.08,9.10,8.45,8.46,41300,8.46
2009-09-30,9.27,9.31,9.00,9.08,30400,9.08
2009-09-29,9.09,9.35,8.97,9.22,68500,9.22
2009-09-28,9.05,9.10,8.93,9.05,53900,9.05
2009-09-25,8.78,9.18,8.62,9.02,85500,9.02
2009-09-24,9.16,9.50,8.73,8.75,43800,8.75
2009-09-23,9.64,9.64,9.15,9.16,75000,9.16
2009-09-22,9.56,9.60,9.36,9.58,74600,9.58
2009-09-21,9.28,9.77,8.92,9.40,110800,9.40
2009-09-18,8.67,9.48,8.43,9.39,152500,9.39
2009-09-17,8.61,8.84,8.52,8.67,58500,8.67
2009-09-16,8.44,8.57,8.22,8.56,47000,8.56
2009-09-15,8.38,8.47,8.04,8.42,52900,8.42
2009-09-14,8.38,8.47,8.20,8.42,24700,8.42
2009-09-11,8.19,8.48,8.13,8.46,42200,8.46
2009-09-10,7.98,8.21,7.91,8.21,44200,8.21
2009-09-09,7.69,8.02,7.64,8.00,95400,8.00
2009-09-08,7.65,7.83,7.62,7.72,16900,7.72
2009-09-04,7.27,7.60,7.27,7.56,100300,7.56
2009-09-03,7.58,7.58,7.25,7.26,53800,7.26
2009-09-02,7.49,7.57,7.37,7.54,29100,7.54
2009-09-01,7.43,7.73,7.35,7.53,44300,7.53
2009-08-31,7.57,7.68,7.33,7.50,61800,7.50
2009-08-28,7.78,7.83,7.58,7.65,65500,7.65
2009-08-27,7.67,7.78,7.46,7.78,24700,7.78
2009-08-26,7.57,7.67,7.46,7.65,53700,7.65
2009-08-25,7.77,7.83,7.50,7.58,170800,7.58
2009-08-24,8.14,8.14,7.61,7.76,270100,7.76
2009-08-21,7.64,8.29,7.64,8.10,193700,8.10
2009-08-20,7.39,7.64,7.23,7.52,123900,7.52
2009-08-19,7.51,7.51,7.12,7.43,63500,7.43
2009-08-18,7.29,7.80,7.29,7.58,174700,7.58
2009-08-17,7.32,7.44,7.00,7.27,85600,7.27
2009-08-14,7.68,8.00,7.31,7.47,70100,7.47
2009-08-13,7.65,7.84,7.26,7.67,40900,7.67
2009-08-12,7.37,7.70,7.37,7.63,116900,7.63
2009-08-11,7.49,7.50,7.29,7.34,50900,7.34
2009-08-10,7.42,7.64,7.25,7.51,23100,7.51
2009-08-07,7.20,7.73,7.15,7.46,41900,7.46
2009-08-06,7.04,7.16,7.02,7.10,42700,7.10
2009-08-05,7.00,7.12,6.92,6.92,32500,6.92
2009-08-04,7.10,7.11,6.82,7.02,35300,7.02
2009-08-03,7.10,7.15,6.65,7.13,45700,7.13
2009-07-31,6.74,7.08,6.71,7.01,50700,7.01
2009-07-30,6.85,7.10,6.59,6.75,74600,6.75
2009-07-29,6.94,7.05,6.65,6.74,47800,6.74
2009-07-28,6.92,6.98,6.78,6.87,27700,6.87
2009-07-27,7.15,7.19,6.85,6.99,38700,6.99
2009-07-24,7.15,7.30,7.04,7.18,64900,7.18
2009-07-23,7.47,7.47,7.12,7.22,79700,7.22
2009-07-22,7.29,7.34,7.15,7.24,30000,7.24
2009-07-21,7.19,7.45,7.03,7.35,67600,7.35
2009-07-20,7.36,7.36,6.98,7.13,63900,7.13
2009-07-17,6.90,7.31,6.83,7.30,54000,7.30
2009-07-16,7.19,7.28,6.81,6.87,60400,6.87
2009-07-15,7.11,7.39,7.10,7.25,99900,7.25
2009-07-14,6.88,7.04,6.80,7.01,32700,7.01
2009-07-13,6.68,7.00,6.46,6.85,52300,6.85
2009-07-10,6.66,6.67,6.41,6.67,17400,6.67
2009-07-09,6.75,6.75,6.52,6.64,29900,6.64
2009-07-08,6.71,6.72,6.38,6.67,34000,6.67
2009-07-07,6.70,6.85,6.63,6.66,72900,6.66
2009-07-06,6.52,6.72,6.47,6.70,83900,6.70
2009-07-02,6.75,6.75,6.45,6.59,54300,6.59
2009-07-01,6.97,7.00,6.70,6.84,56500,6.84
2009-06-30,7.18,7.35,6.75,6.90,88600,6.90
2009-06-29,6.94,7.46,6.80,7.15,58300,7.15
2009-06-26,6.71,7.07,6.58,6.95,556900,6.95
2009-06-25,6.88,7.05,6.59,6.78,56900,6.78
2009-06-24,7.05,7.07,6.86,6.91,32900,6.91
2009-06-23,7.03,7.12,6.75,6.96,85000,6.96
2009-06-22,7.22,7.41,6.78,7.00,62500,7.00
2009-06-19,7.97,7.98,7.26,7.28,98200,7.28
2009-06-18,8.00,8.20,7.82,7.89,56900,7.89
2009-06-17,8.30,8.33,7.88,8.04,26300,8.04
2009-06-16,8.56,8.73,8.28,8.33,74400,8.33
2009-06-15,8.70,8.76,7.85,8.49,34400,8.49
2009-06-12,8.81,8.99,8.36,8.91,26300,8.91
2009-06-11,8.99,8.99,8.77,8.86,58700,8.86
2009-06-10,8.98,9.16,8.54,8.83,67900,8.83
2009-06-09,8.83,9.10,8.60,8.90,54300,8.90
2009-06-08,8.77,8.85,8.43,8.77,36400,8.77
2009-06-05,8.95,8.98,8.64,8.89,59300,8.89
2009-06-04,8.86,9.04,8.72,8.90,72400,8.90
2009-06-03,8.81,8.95,8.12,8.80,44100,8.80
2009-06-02,8.95,8.95,8.61,8.91,44400,8.91
2009-06-01,9.24,9.43,8.65,9.00,44900,9.00
2009-05-29,8.70,10.47,8.70,8.94,121700,8.94
2009-05-28,7.94,8.65,7.63,8.63,86800,8.63
2009-05-27,8.00,8.02,7.75,7.85,19300,7.85
2009-05-26,7.88,8.63,7.50,7.90,73700,7.90
2009-05-22,7.49,8.34,7.49,7.99,41500,7.99
2009-05-21,8.38,8.41,7.73,7.89,98300,7.89
2009-05-20,8.07,8.56,7.94,8.46,99100,8.46
2009-05-19,7.56,8.03,7.33,8.03,25600,8.03
2009-05-18,7.69,8.03,7.26,7.66,47200,7.66
2009-05-15,7.89,7.89,7.43,7.61,34600,7.61
2009-05-14,7.51,7.95,7.51,7.88,30800,7.88
2009-05-13,7.69,7.69,7.50,7.51,39300,7.51
2009-05-12,7.92,8.08,7.50,7.76,68800,7.76
2009-05-11,7.86,8.33,7.62,7.87,53400,7.87
2009-05-08,7.86,8.00,7.61,8.00,61800,8.00
2009-05-07,7.83,7.83,7.50,7.83,60300,7.83
2009-05-06,7.93,7.95,7.60,7.75,91900,7.75
2009-05-05,7.43,7.86,7.24,7.82,117300,7.82
2009-05-04,7.17,7.58,6.90,7.58,149400,7.58
2009-05-01,7.06,7.28,6.78,7.14,47600,7.14
2009-04-30,7.10,7.27,6.89,7.10,103800,7.10
2009-04-29,6.96,7.12,6.91,7.10,49700,7.10
2009-04-28,6.73,6.99,6.71,6.92,27700,6.92
2009-04-27,6.94,7.19,6.75,6.75,66100,6.75
2009-04-24,6.78,7.19,6.66,7.14,60700,7.14
2009-04-23,6.83,6.95,6.63,6.66,49700,6.66
2009-04-22,6.89,6.89,6.55,6.74,50700,6.74
2009-04-21,6.45,6.90,6.33,6.87,49400,6.87
2009-04-20,6.55,6.55,6.31,6.35,54700,6.35
2009-04-17,6.58,6.70,6.42,6.56,67700,6.56
2009-04-16,6.25,6.62,6.20,6.56,85800,6.56
2009-04-15,5.79,6.07,5.54,6.05,60700,6.05
2009-04-14,5.92,5.92,5.64,5.69,29900,5.69
2009-04-13,5.76,5.88,5.51,5.82,23200,5.82
2009-04-09,5.86,5.87,5.66,5.82,61500,5.82
2009-04-08,5.30,5.86,5.13,5.75,45500,5.75
2009-04-07,6.12,6.25,5.35,5.55,85200,5.55
2009-04-06,6.31,6.31,6.08,6.22,25400,6.22
2009-04-03,6.24,6.46,6.10,6.40,48400,6.40
2009-04-02,5.83,6.41,5.76,6.30,91700,6.30
2009-04-01,6.14,6.20,5.60,5.69,41400,5.69
2009-03-31,6.30,6.43,6.09,6.20,27900,6.20
2009-03-30,5.87,6.33,5.73,6.23,33100,6.23
2009-03-27,6.33,6.39,5.80,6.01,56000,6.01
2009-03-26,6.67,6.83,6.39,6.43,47300,6.43
2009-03-25,6.57,6.65,6.14,6.56,104400,6.56
2009-03-24,6.59,6.83,6.45,6.54,64500,6.54
2009-03-23,5.95,6.66,5.94,6.66,54900,6.66
2009-03-20,5.84,5.97,5.60,5.81,73400,5.81
2009-03-19,5.93,6.01,5.66,5.79,25100,5.79
2009-03-18,5.31,6.00,5.16,5.83,61000,5.83
2009-03-17,4.96,5.35,4.90,5.34,64300,5.34
2009-03-16,4.70,5.17,4.67,4.98,62800,4.98
2009-03-13,4.11,4.88,4.08,4.64,81600,4.64
2009-03-12,4.32,4.46,3.20,4.10,127100,4.10
2009-03-11,5.13,5.13,4.28,4.33,187700,4.33
2009-03-10,4.77,5.25,4.56,5.23,48100,5.23
2009-03-09,4.88,5.18,4.52,4.72,72000,4.72
2009-03-06,5.48,5.56,4.79,4.94,113000,4.94
2009-03-05,6.04,6.04,5.38,5.43,62600,5.43
2009-03-04,6.26,6.40,6.11,6.19,47000,6.19
2009-03-03,6.36,6.45,6.17,6.17,41500,6.17
2009-03-02,6.58,6.58,6.16,6.27,64700,6.27
2009-02-27,6.48,7.22,6.39,6.72,54100,6.72
2009-02-26,6.74,6.82,6.38,6.60,22000,6.60
2009-02-25,7.02,7.02,6.58,6.70,28400,6.70
2009-02-24,6.85,7.13,6.41,7.05,44200,7.05
2009-02-23,6.90,6.90,6.49,6.78,23200,6.78
2009-02-20,7.09,7.31,6.51,6.86,46200,6.86
2009-02-19,6.74,7.67,6.72,7.18,53100,7.18
2009-02-18,6.35,6.78,6.10,6.68,86500,6.68
2009-02-17,7.14,7.14,6.19,6.32,71400,6.32
2009-02-13,7.14,7.53,6.88,7.30,32100,7.30
2009-02-12,7.95,7.95,6.64,7.16,39600,7.16
2009-02-11,7.79,8.26,7.78,8.05,19700,8.05
2009-02-10,8.07,8.34,7.46,7.77,60900,7.77
2009-02-09,7.55,8.23,7.41,8.13,54000,8.13
2009-02-06,7.12,7.66,6.90,7.60,27800,7.60
2009-02-05,7.02,7.15,6.69,7.15,17800,7.15
2009-02-04,7.11,7.34,6.79,7.17,50400,7.17
2009-02-03,7.14,7.76,7.03,7.10,40600,7.10
2009-02-02,6.79,7.14,6.61,7.10,22200,7.10
2009-01-30,7.22,7.22,6.74,6.90,47800,6.90
2009-01-29,7.91,7.91,7.10,7.17,45500,7.17
2009-01-28,7.64,8.06,7.62,7.96,29400,7.96
2009-01-27,7.42,7.84,7.33,7.58,24700,7.58
2009-01-26,7.15,7.45,6.97,7.42,31300,7.42
2009-01-23,7.04,7.17,6.89,7.10,42400,7.10
2009-01-22,7.55,7.68,7.20,7.20,16700,7.20
2009-01-21,7.06,7.73,7.06,7.70,22300,7.70
2009-01-20,7.41,7.52,6.85,7.05,83400,7.05
2009-01-16,7.88,7.88,7.23,7.55,45600,7.55
2009-01-15,7.33,8.00,7.23,7.74,55900,7.74
2009-01-14,7.21,7.47,7.21,7.34,31400,7.34
2009-01-13,7.71,7.78,7.25,7.30,26900,7.30
2009-01-12,7.64,7.96,7.21,7.75,67800,7.75
2009-01-09,8.02,8.02,7.57,7.69,61400,7.69
2009-01-08,7.66,8.12,7.48,8.03,49900,8.03
2009-01-07,7.90,8.37,7.50,7.70,113800,7.70
2009-01-06,8.10,8.65,7.79,8.12,110400,8.12
2009-01-05,7.25,8.90,6.90,7.97,146800,7.97
2009-01-02,7.33,8.05,7.13,7.20,110200,7.20
2008-12-31,6.48,7.45,6.28,7.31,306400,7.31
2008-12-30,6.02,6.48,5.67,6.48,118200,6.48
2008-12-29,6.03,6.11,5.97,6.00,105800,6.00
2008-12-26,6.19,6.20,5.73,6.00,28700,6.00
2008-12-24,6.35,6.50,6.10,6.10,42900,6.10
2008-12-23,6.21,6.76,6.20,6.35,405200,6.35
2008-12-22,5.91,6.24,5.39,6.20,52800,6.20
2008-12-19,6.47,6.64,5.82,5.87,170900,5.87
2008-12-18,6.51,6.66,6.19,6.25,98500,6.25
2008-12-17,6.37,6.55,6.32,6.52,348000,6.52
2008-12-16,6.60,6.69,6.40,6.44,154300,6.44
2008-12-15,7.53,7.81,6.00,6.53,102200,6.53
2008-12-12,7.41,7.91,7.27,7.72,68800,7.72
2008-12-11,8.15,8.24,7.44,7.66,79000,7.66
2008-12-10,7.99,8.64,7.86,8.18,88000,8.18
2008-12-09,8.79,9.72,7.77,7.96,198900,7.96
2008-12-08,8.18,9.69,8.11,8.89,81500,8.89
2008-12-05,7.96,8.01,7.10,7.97,58600,7.97
2008-12-04,8.79,9.13,7.79,8.05,93800,8.05
2008-12-03,8.52,9.15,8.44,8.89,32800,8.89
2008-12-02,8.38,8.73,8.14,8.73,39800,8.73
2008-12-01,8.36,8.77,7.72,8.21,89200,8.21
2008-11-28,8.30,9.03,8.01,8.69,116000,8.69
2008-11-26,8.11,8.39,7.81,8.35,59500,8.35
2008-11-25,8.96,8.96,7.90,8.25,59400,8.25
2008-11-24,8.16,9.17,7.42,8.89,93000,8.89
2008-11-21,7.18,8.19,6.75,8.02,106200,8.02
2008-11-20,7.11,7.74,6.98,6.98,102400,6.98
2008-11-19,7.89,8.09,7.18,7.34,167700,7.34
2008-11-18,9.12,9.85,7.45,7.94,118500,7.94
2008-11-17,9.50,9.86,9.03,9.14,43800,9.14
2008-11-14,11.90,11.90,9.29,9.60,141200,9.60
2008-11-13,11.41,12.50,10.63,12.35,50200,12.35
2008-11-12,12.25,12.25,11.29,11.39,44400,11.39
2008-11-11,13.06,13.33,12.31,12.31,49300,12.31
2008-11-10,13.14,13.79,13.03,13.40,46000,13.40
2008-11-07,11.33,12.95,11.33,12.87,74700,12.87
2008-11-06,11.61,11.61,10.98,11.20,72200,11.20
2008-11-05,12.09,12.34,11.22,11.22,35400,11.22
2008-11-04,11.99,12.97,11.49,12.26,57900,12.26
2008-11-03,10.75,11.38,10.37,11.16,82000,11.16
2008-10-31,9.71,11.22,9.04,10.90,55100,10.90
2008-10-30,9.56,9.89,9.24,9.87,48700,9.87
2008-10-29,8.57,9.60,8.57,9.30,119600,9.30
2008-10-28,8.35,8.52,7.76,8.46,141800,8.46
2008-10-27,8.75,8.79,7.97,7.98,109200,7.98
2008-10-24,8.31,8.76,8.26,8.70,72000,8.70
2008-10-23,9.23,9.34,8.37,8.80,56800,8.80
2008-10-22,9.75,9.95,8.61,9.05,85100,9.05
2008-10-21,10.88,10.88,9.94,9.96,126900,9.96
2008-10-20,10.30,10.61,10.15,10.42,69100,10.42
2008-10-17,9.25,10.56,9.25,10.24,180200,10.24
2008-10-16,9.75,9.76,8.81,9.53,132500,9.53
2008-10-15,9.94,9.94,9.07,9.62,89200,9.62
2008-10-14,11.30,11.40,9.80,10.40,71400,10.40
2008-10-13,10.19,10.94,9.90,10.87,170500,10.87
2008-10-10,9.31,10.44,8.79,9.87,209900,9.87
2008-10-09,10.75,11.32,9.52,9.55,104900,9.55
2008-10-08,10.79,11.29,10.10,10.58,147200,10.58
2008-10-07,11.39,12.00,10.84,10.95,208100,10.95
2008-10-06,11.75,11.75,10.03,11.24,270500,11.24
2008-10-03,13.00,13.98,11.72,12.08,286800,12.08
2008-10-02,13.86,14.01,12.85,12.99,261800,12.99
2008-10-01,14.25,14.25,13.38,13.73,90600,13.73
2008-09-30,12.89,14.93,11.81,14.46,135200,14.46
2008-09-29,14.49,15.15,12.69,12.79,81200,12.79
2008-09-26,13.95,15.00,13.95,14.98,72500,14.98
2008-09-25,13.78,14.78,13.60,14.16,40300,14.16
2008-09-24,14.14,14.97,13.65,13.83,52800,13.83
2008-09-23,15.54,15.95,14.00,14.05,115500,14.05
2008-09-22,16.440001,16.440001,15.44,15.66,101000,15.66
2008-09-19,15.70,16.799999,14.54,16.51,491600,16.51
2008-09-18,13.91,15.50,13.02,15.30,204400,15.30
2008-09-17,12.83,13.95,12.18,13.56,98200,13.56
2008-09-16,12.82,13.49,11.73,12.95,113200,12.95
2008-09-15,13.31,13.67,12.41,12.58,110500,12.58
2008-09-12,12.35,14.03,12.02,13.74,119400,13.74
2008-09-11,11.12,12.84,10.66,12.26,146400,12.26
2008-09-10,10.29,11.41,10.16,11.32,269100,11.32
2008-09-09,10.64,10.69,9.92,10.25,181200,10.25
2008-09-08,11.49,11.50,10.67,10.71,102700,10.71
2008-09-05,11.37,11.46,10.88,11.34,66000,11.34
2008-09-04,12.11,12.15,10.93,11.32,247400,11.32
2008-09-03,13.09,13.09,11.88,12.13,216200,12.13
2008-09-02,13.73,13.84,12.66,13.12,226100,13.12
2008-08-29,14.36,14.38,13.70,14.00,70600,14.00
2008-08-28,14.72,14.72,13.89,14.22,106900,14.22
2008-08-27,14.14,14.91,14.14,14.74,154700,14.74
2008-08-26,13.86,14.19,13.67,14.08,92700,14.08
2008-08-25,14.11,14.11,13.37,13.83,125700,13.83
2008-08-22,14.57,14.57,14.06,14.09,170500,14.09
2008-08-21,15.04,15.04,14.20,14.57,107300,14.57
2008-08-20,14.74,15.22,14.51,14.92,97100,14.92
2008-08-19,14.83,14.91,14.50,14.73,113000,14.73
2008-08-18,15.50,15.55,14.77,14.93,267000,14.93
2008-08-15,15.36,15.55,14.95,15.48,99600,15.48
2008-08-14,15.40,15.64,14.79,15.27,252800,15.27
2008-08-13,14.41,15.59,14.20,15.57,303000,15.57
2008-08-12,14.61,14.64,13.95,14.49,416200,14.49
2008-08-11,13.71,14.80,13.64,14.60,301800,14.60
2008-08-08,15.10,15.10,13.68,13.87,313100,13.87
2008-08-07,16.129999,16.77,15.45,15.52,283000,15.52
2008-08-06,17.26,17.639999,15.63,16.10,500400,16.10
2008-08-05,18.49,18.49,17.379999,18.110001,147000,18.110001
2008-08-04,19.559999,19.559999,17.32,18.219999,171000,18.219999
2008-08-01,20.00,20.10,18.26,19.790001,118600,19.790001
2008-07-31,19.67,20.68,19.370001,20.110001,165200,20.110001
2008-07-30,18.75,20.01,18.02,19.950001,182400,19.950001
2008-07-29,18.440001,18.99,17.27,18.83,92200,18.83
2008-07-28,18.35,18.74,17.809999,18.50,98600,18.50
2008-07-25,18.40,19.49,17.68,18.389999,187900,18.389999
2008-07-24,17.469999,18.530001,17.01,18.49,155300,18.49
2008-07-23,17.950001,18.33,17.139999,17.450001,149800,17.450001
2008-07-22,19.459999,19.559999,17.870001,18.059999,85100,18.059999
2008-07-21,18.719999,19.690001,18.219999,19.60,204300,19.60
2008-07-18,18.98,19.50,17.65,19.290001,256400,19.290001
2008-07-17,22.34,22.34,18.76,19.00,652700,19.00
2008-07-16,24.48,24.950001,20.780001,22.42,299600,22.42
2008-07-15,25.35,25.50,23.51,24.559999,220500,24.559999
2008-07-14,26.00,26.459999,25.280001,25.459999,126600,25.459999
2008-07-11,25.33,26.42,25.00,25.75,224700,25.75
2008-07-10,25.200001,25.950001,24.33,25.120001,211600,25.120001
2008-07-09,25.299999,26.049999,24.83,25.32,124900,25.32
2008-07-08,26.110001,26.25,23.440001,25.309999,256400,25.309999
2008-07-07,26.459999,27.190001,25.25,26.690001,198600,26.690001
2008-07-03,27.60,27.98,23.549999,26.67,169000,26.67
2008-07-02,29.809999,29.82,26.58,27.65,362200,27.65
2008-07-01,26.219999,30.00,25.059999,28.58,468500,28.58
2008-06-30,26.940001,28.870001,26.00,26.790001,502400,26.790001
2008-06-27,24.379999,26.52,24.030001,26.50,870200,26.50
2008-06-26,22.74,24.719999,22.67,24.139999,396700,24.139999
2008-06-25,23.549999,23.67,22.76,23.10,110700,23.10
2008-06-24,23.42,23.67,23.26,23.58,128000,23.58
2008-06-23,23.700001,23.99,23.450001,23.549999,203800,23.549999
2008-06-20,23.780001,24.34,23.42,23.73,198200,23.73
2008-06-19,23.059999,24.00,23.059999,23.780001,174700,23.780001
2008-06-18,22.629999,23.24,22.42,23.00,380900,23.00
2008-06-17,22.34,23.32,21.93,22.58,157200,22.58
2008-06-16,22.370001,23.02,22.01,22.34,189800,22.34
2008-06-13,23.83,23.83,22.00,22.299999,128500,22.299999
2008-06-12,23.469999,23.74,21.870001,22.26,143300,22.26
2008-06-11,24.25,24.25,23.74,23.780001,46400,23.780001
2008-06-10,24.799999,25.290001,23.799999,24.18,123300,24.18
2008-06-09,24.10,24.83,24.00,24.540001,390300,24.540001
2008-06-06,23.219999,24.139999,23.15,23.98,239200,23.98
2008-06-05,22.469999,23.25,22.35,23.17,171400,23.17
2008-06-04,22.120001,23.290001,21.00,22.25,249300,22.25
2008-06-03,23.50,26.00,21.200001,22.26,616200,22.26
2008-06-02,22.440001,23.50,22.440001,23.459999,255500,23.459999
2008-05-30,22.66,22.870001,22.15,22.440001,253600,22.440001
2008-05-29,22.610001,22.690001,22.059999,22.110001,186200,22.110001
2008-05-28,22.90,22.90,19.66,22.450001,401700,22.450001
2008-05-27,23.110001,23.33,21.889999,22.99,123200,22.99
2008-05-23,22.870001,23.00,21.690001,22.450001,106600,22.450001
2008-05-22,22.48,22.889999,22.33,22.879999,115200,22.879999
2008-05-21,21.00,22.540001,20.93,22.440001,128200,22.440001
2008-05-20,21.450001,21.450001,20.76,21.00,58400,21.00
2008-05-19,21.639999,22.040001,21.209999,21.49,64300,21.49
2008-05-16,21.65,22.15,21.50,21.610001,108900,21.610001
2008-05-15,21.360001,22.23,21.33,21.48,59100,21.48
2008-05-14,22.719999,22.719999,21.17,21.25,64900,21.25
2008-05-13,23.030001,23.08,22.610001,22.690001,35500,22.690001
2008-05-12,22.25,23.07,22.23,22.99,82700,22.99
2008-05-09,22.540001,22.969999,21.60,22.23,58200,22.23
2008-05-08,21.860001,22.33,21.51,22.25,71600,22.25
2008-05-07,21.870001,23.57,21.780001,21.809999,153300,21.809999
2008-05-06,21.030001,21.60,19.93,21.60,174600,21.60
2008-05-05,20.50,21.75,20.26,21.200001,101200,21.200001
2008-05-02,19.799999,20.450001,19.51,20.219999,461700,20.219999
2008-05-01,19.26,19.709999,19.08,19.459999,83900,19.459999
2008-04-30,18.780001,19.26,18.780001,18.950001,314400,18.950001
2008-04-29,19.209999,19.299999,18.90,18.92,225600,18.92
2008-04-28,18.91,19.18,18.719999,19.040001,150600,19.040001
2008-04-25,18.07,19.040001,17.40,18.50,273300,18.50
2008-04-24,18.110001,18.110001,17.42,17.959999,33700,17.959999
2008-04-23,17.85,17.99,17.66,17.950001,66200,17.950001
2008-04-22,18.059999,18.23,17.450001,17.74,27200,17.74
2008-04-21,18.459999,18.559999,17.959999,17.959999,59400,17.959999
2008-04-18,18.08,19.01,17.91,18.27,55300,18.27
2008-04-17,17.91,17.969999,17.40,17.93,30900,17.93
2008-04-16,17.48,17.889999,16.92,17.690001,92300,17.690001
2008-04-15,17.01,17.59,17.01,17.190001,70900,17.190001
2008-04-14,16.049999,17.73,16.049999,16.90,63500,16.90
2008-04-11,16.68,16.969999,16.049999,16.07,26600,16.07
2008-04-10,16.09,16.84,15.86,16.50,50200,16.50
2008-04-09,16.059999,16.200001,15.75,16.15,33500,16.15
2008-04-08,16.200001,16.290001,15.76,16.120001,8000,16.120001
2008-04-07,16.190001,16.360001,16.17,16.25,47100,16.25
2008-04-04,16.59,16.629999,16.01,16.049999,15800,16.049999
2008-04-03,16.450001,16.450001,16.209999,16.280001,17200,16.280001
2008-04-02,15.70,16.82,15.36,16.389999,41800,16.389999
2008-04-01,15.73,15.75,15.17,15.42,34000,15.42
2008-03-31,15.91,15.91,14.23,15.68,52100,15.68
2008-03-28,16.709999,16.709999,15.40,15.62,19200,15.62
2008-03-27,16.83,16.84,16.52,16.58,37200,16.58
2008-03-26,16.559999,16.90,16.450001,16.90,31100,16.90
2008-03-25,15.84,17.379999,15.69,16.469999,94200,16.469999
2008-03-24,15.13,15.84,15.13,15.72,31400,15.72
2008-03-20,15.30,15.33,14.22,15.33,106100,15.33
2008-03-19,15.85,15.87,15.35,15.35,32100,15.35
2008-03-18,15.97,15.97,15.09,15.86,38000,15.86
2008-03-17,15.12,15.90,15.06,15.54,36900,15.54
2008-03-14,16.059999,16.059999,15.07,15.50,14800,15.50
2008-03-13,15.34,15.92,15.13,15.88,89100,15.88
2008-03-12,15.37,15.44,15.10,15.40,102800,15.40
2008-03-11,15.25,15.25,15.06,15.20,80300,15.20
2008-03-10,14.84,15.29,14.84,14.92,52900,14.92
2008-03-07,14.42,14.92,14.31,14.69,65500,14.69
2008-03-06,14.69,14.85,14.31,14.55,55600,14.55
2008-03-05,14.15,14.62,13.52,14.54,43500,14.54
2008-03-04,14.01,14.48,13.40,14.17,33800,14.17
2008-03-03,13.67,14.44,13.59,14.19,18500,14.19
2008-02-29,14.24,14.45,13.71,13.97,25000,13.97
2008-02-28,14.16,14.50,13.94,14.28,122200,14.28
2008-02-27,14.19,14.40,13.84,14.20,31100,14.20
2008-02-26,14.61,14.64,14.00,14.23,51100,14.23
2008-02-25,13.24,14.76,13.24,14.65,100700,14.65
2008-02-22,14.04,14.05,13.00,13.90,18500,13.90
2008-02-21,14.45,14.56,14.00,14.05,24700,14.05
2008-02-20,14.00,14.37,13.90,14.36,36100,14.36
2008-02-19,14.29,14.31,13.71,14.22,27700,14.22
2008-02-15,14.17,14.30,13.50,14.24,33600,14.24
2008-02-14,14.92,14.94,13.97,14.21,71300,14.21
2008-02-13,14.28,15.04,14.17,14.94,122100,14.94
2008-02-12,13.91,14.62,13.81,14.24,40700,14.24
2008-02-11,13.50,14.34,13.44,13.87,39200,13.87
2008-02-08,13.96,14.17,13.00,13.50,28600,13.50
2008-02-07,13.91,14.26,13.82,14.00,19800,14.00
2008-02-06,14.73,14.73,13.85,13.95,72500,13.95
2008-02-05,14.68,14.70,13.65,14.55,49800,14.55
2008-02-04,15.01,15.06,14.54,14.73,71000,14.73
2008-02-01,15.28,15.48,14.15,15.06,106200,15.06
2008-01-31,13.33,15.36,13.00,15.32,151100,15.32
2008-01-30,12.20,13.99,12.05,13.50,82300,13.50
2008-01-29,11.73,12.17,11.11,12.00,82400,12.00
2008-01-28,11.04,11.75,10.97,11.51,17300,11.51
2008-01-25,11.23,11.47,10.93,11.07,19100,11.07
2008-01-24,10.67,11.44,10.67,11.09,33800,11.09
2008-01-23,10.52,10.72,9.95,10.71,63200,10.71
2008-01-22,11.02,11.02,9.20,10.75,77500,10.75
2008-01-18,12.07,12.53,11.49,11.49,69900,11.49
2008-01-17,12.90,12.90,12.09,12.14,76300,12.14
2008-01-16,12.90,13.10,12.50,12.88,62000,12.88
2008-01-15,12.75,12.96,12.55,12.79,50900,12.79
2008-01-14,12.85,13.00,12.50,12.75,34500,12.75
2008-01-11,12.94,12.99,12.69,12.74,28500,12.74
2008-01-10,13.00,13.00,12.85,12.98,21700,12.98
2008-01-09,12.75,13.05,12.75,13.05,7100,13.05
2008-01-08,12.97,13.14,12.75,12.75,719700,12.75
2008-01-07,12.88,13.25,12.88,12.96,110900,12.96
2008-01-04,12.77,13.02,12.77,12.84,36200,12.84
2008-01-03,13.17,13.19,12.67,12.82,35200,12.82
2008-01-02,12.83,13.10,12.74,13.04,93200,13.04
2007-12-31,12.69,12.89,12.63,12.86,86100,12.86
2007-12-28,12.80,12.80,12.62,12.65,20700,12.65
2007-12-27,13.19,13.19,12.64,12.80,36500,12.80
2007-12-26,12.63,13.08,12.31,13.08,13200,13.08
2007-12-24,12.36,12.95,12.26,12.64,42500,12.64
2007-12-21,13.00,13.00,11.68,12.30,748600,12.30
2007-12-20,12.85,12.91,12.75,12.91,12600,12.91
2007-12-19,12.80,12.95,12.75,12.80,12600,12.80
2007-12-18,13.64,13.64,12.75,13.00,35900,13.00
2007-12-17,12.61,13.00,12.61,12.83,43300,12.83
2007-12-14,12.60,12.75,12.50,12.74,16000,12.74
2007-12-13,12.90,12.98,12.50,12.84,22300,12.84
2007-12-12,13.07,13.07,12.76,12.93,21800,12.93
2007-12-11,13.00,13.19,12.50,12.80,29700,12.80
2007-12-10,13.28,13.36,13.00,13.05,22300,13.05
2007-12-07,13.11,13.60,13.00,13.41,38400,13.41
2007-12-06,12.71,13.36,12.71,13.36,41600,13.36
2007-12-05,13.00,13.00,12.78,13.00,35700,13.00
2007-12-04,12.68,12.95,12.66,12.95,23100,12.95
2007-12-03,12.65,12.77,12.61,12.76,4200,12.76
2007-11-30,12.75,12.90,12.65,12.90,18800,12.90
2007-11-29,12.68,12.73,12.60,12.72,17600,12.72
2007-11-28,12.65,12.75,12.58,12.65,171600,12.65
2007-11-27,12.51,12.75,12.51,12.63,43600,12.63
2007-11-26,12.75,12.84,12.52,12.84,91900,12.84
2007-11-23,12.89,12.95,12.62,12.90,19600,12.90
2007-11-21,12.85,12.90,12.50,12.60,28400,12.60
2007-11-20,12.84,12.85,12.50,12.80,18200,12.80
2007-11-19,12.50,12.79,12.50,12.69,24100,12.69
2007-11-16,12.70,12.85,12.52,12.52,50200,12.52
2007-11-15,12.96,12.96,12.61,12.65,26100,12.65
2007-11-14,12.60,13.00,12.50,12.95,56600,12.95
2007-11-13,13.35,13.35,12.60,12.90,50800,12.90
2007-11-12,12.75,13.50,12.74,13.25,121100,13.25
2007-11-09,12.83,12.98,12.50,12.75,75400,12.75
2007-11-08,12.50,13.42,12.10,12.59,1969800,12.59
